Text,Result,Action,Reason,Full_Reason,Snippet,Timestamp
I will kill you,Offensive,Flag,"The message ""I will kill you"" has been classified as offensive due to its threatening and violent na","The message ""I will kill you"" has been classified as offensive due to its threatening and violent nature, which violates multiple policies aimed at maintaining safety, dignity, and respectful discourse. Below is the detailed reasoning for this classification, with references to the relevant policies:

---

### 1. **Indian Penal Code (IPC)**
While the provided snippet of the Indian Penal Code (IPC) does not fully elaborate on the relevant sections, the message ""I will kill you"" could potentially fall under provisions related to criminal intimidation. Specifically:

- **Section 503 of the IPC** (not explicitly mentioned in the snippet but relevant): Criminal intimidation is defined as threatening someone with injury to their person, reputation, or property, with the intent to cause alarm. The statement ""I will kill you"" is a direct threat of harm and is likely to cause fear or alarm in the recipient, making it a violation of this provision.
- **Section 506 of the IPC**: This section prescribes punishment for criminal intimidation. A death threat, such as ""I will kill you,"" is considered a grave form of intimidation and is punishable under this section.

By issuing a death threat, the message violates Indian legal standards for public safety and individual protection, as outlined in the IPC.

---

### 2. **Google Hate Speech Policy**
Google's Hate Speech Policy prohibits content that promotes violence or incites harm against individuals or groups. While the snippet provided is incomplete, the following points are relevant:

- The message ""I will kill you"" promotes violence by explicitly threatening to cause harm to an individual. This is a clear violation of Google's policy, which aims to foster safe and respectful communities.
- Even if the threat is not acted upon, the mere act of issuing such a statement can create a hostile and unsafe environment, which is contrary to Google's guidelines.

This message, therefore, breaches Google's prohibition against content that incites violence or harm.

---

### 3. **Reddit Content Policy**
Reddit's Content Policy explicitly prohibits abusive behavior, including threats of violence. The message ""I will kill you"" qualifies as an attack on an individual and constitutes abusive behavior. Specifically:

- The policy prohibits ""attacks"" on individuals, and a death threat is one of the most severe forms of attack.
- Such a statement targets the recipient's safety and well-being, creating a hostile and threatening environment, which Reddit's policy seeks to prevent.

By issuing a direct death threat, the message violates Reddit's rules against abusive behavior and hate speech.

---

### Broader Context and Implications
The message ""I will kill you"" is inherently offensive because it threatens violence, which is universally recognized as harmful and unacceptable. Such statements can cause significant emotional distress, fear, and alarm in the recipient, and they undermine the principles of safety and respect that these policies aim to uphold.

---

### Conclusion
The classification of this message as offensive is justified because it violates multiple policies, including:
- **Indian Penal Code**: Sections 503 and 506 (criminal intimidation and threats).
- **Google Hate Speech Policy**: Prohibition of content that promotes violence or incites harm.
- **Reddit Content Policy**: Prohibition of abusive behavior, including threats of violence.

The message is not only offensive but also potentially illegal under the IPC, making its classification both appropriate and necessary to ensure compliance with legal and platform-specific standards.",I will kill you,2025-06-13T14:13:15.472224
Hii how are you,Neutral,Allow,"The message ""Hii how are you"" has been classified as **Neutral**, and this classification is appropr","The message ""Hii how are you"" has been classified as **Neutral**, and this classification is appropriate based on the provided policies and context. Below is the reasoning:

### 1. **Content Analysis**:
   - The message is a simple greeting and inquiry about someone's well-being. It does not contain any language that could be interpreted as hateful, toxic, or offensive.
   - There are no references to individuals or groups, nor is there any indication of promoting violence, discrimination, or hatred.

### 2. **Policy Alignment**:
   - **Indian Penal Code (Section 153A)**: This section addresses hate speech that promotes enmity between groups on grounds such as religion, race, or language. The message in question does not promote enmity, nor does it attempt to disrupt public order or communal harmony. Therefore, it does not violate this provision.
   - **Google Hate Speech Policy**: Google defines hate speech as content that promotes violence, discrimination, or hatred against individuals or groups based on protected attributes (e.g., race, religion, gender). The message does not target any individual or group, nor does it include any discriminatory or hateful language. It is entirely neutral and respectful.
   - **Reddit Content Policy**: Reddit prohibits hate speech that includes attacks, slurs, or negative generalizations targeting groups based on identity or vulnerability. The message does not include any attacks, slurs, or generalizations. It is a benign and polite statement.

### 3. **Conclusion**:
   - The message ""Hii how are you"" is free of any hateful, toxic, or offensive elements. It aligns with the expectations of respectful communication outlined in the provided policies.
   - As such, the classification of this message as **Neutral** is accurate and justified.",Hii how are you,2025-06-13T14:14:19.682601
"You're such an idiot, always messing things up.",Offensive,Flag,"The message ""You're such an idiot, always messing things up"" has been classified as offensive, and t","The message ""You're such an idiot, always messing things up"" has been classified as offensive, and this classification can be justified based on the principles outlined in the relevant policies provided. Below is the detailed reasoning:

---

### **1. Google Policy: YouTube and Google Hate Speech Policy**
While the Google Hate Speech Policy primarily focuses on prohibiting content that promotes violence, discrimination, or hatred against individuals or groups based on protected attributes (e.g., race, religion, gender, etc.), it also emphasizes fostering respectful and safe communities. Although the message does not explicitly target protected characteristics, it violates the broader principle of maintaining respectful communication. Calling someone an ""idiot"" is a personal attack that undermines respect and civility in a community setting. 

This type of language could contribute to a hostile or unsafe environment, which Google seeks to prevent under its overarching goal of fostering respectful interactions. While the message does not meet the threshold for hate speech as defined by Google, it can still be classified as offensive due to its personal and derogatory nature.

---

### **2. U.S. Laws: U.S. Federal & Constitutional Position on Hate Speech**
Under U.S. law, the First Amendment protects freedom of speech, including offensive speech, as long as it does not fall into exceptions like incitement, threats, or obscenity. The message ""You're such an idiot, always messing things up"" does not meet the legal threshold for hate speech or incitement under U.S. law, as it does not promote violence or target protected characteristics. However, it is still offensive in tone and intent, as it involves a personal insult designed to demean the recipient. 

While U.S. law does not explicitly regulate offensive speech unless it crosses specific legal boundaries, platforms and private entities (like Google or Meta) are free to enforce their own community standards, which often go beyond the legal minimum to ensure respectful interactions.

---

### **3. Meta Policy: Meta Community Standards: Hate Speech and Harmful Content**
Meta defines hate speech as a direct attack against people based on protected characteristics such as race, ethnicity, gender, sexual orientation, etc. The message does not qualify as hate speech under Meta's definition, as it does not target any protected characteristic. However, Meta's broader guidelines on harmful content emphasize the prohibition of language that could cause harm, including bullying, harassment, or personal attacks. 

Calling someone an ""idiot"" constitutes a personal attack and could be interpreted as bullying or demeaning behavior, especially if repeated or used in a public forum. This type of language violates Meta's commitment to creating a safe and respectful environment for users, even if it does not meet the stricter definition of hate speech.

---

### **Conclusion**
The classification of the message as ""offensive"" is appropriate because it constitutes a personal attack that undermines respectful communication, even though it does not meet the stricter definitions of hate speech under Google, Meta, or U.S. law. The message violates the principles of fostering safe and respectful interactions outlined in both Google and Meta's policies. Specifically:

- **Google Policy:** The message contributes to a hostile environment, violating the principle of fostering respectful communities.
- **Meta Policy:** The message constitutes a personal attack, which is prohibited under Meta's guidelines on harmful content.

While U.S. law does not regulate this type of speech, private platforms are justified in classifying and moderating it as offensive to uphold their community standards.","You're such an idiot, always messing things up.",2025-06-13T20:02:10.726794
Hey,Neutral,Allow,"The user message ""Hey"" has been classified as ""Neutral,"" and this classification is appropriate give","The user message ""Hey"" has been classified as ""Neutral,"" and this classification is appropriate given the context and the relevant hate speech policies provided. Below is a detailed explanation of why this message does not meet the criteria for hate/toxic/offensive content:

### 1. **Google Policy: YouTube and Google Hate Speech Policy**
   - **Definition of Hate Speech:** Google prohibits content that promotes violence, discrimination, or hatred against individuals or groups based on protected attributes such as race, ethnicity, religion, gender, sexual orientation, etc.
   - **Analysis:** The message ""Hey"" does not contain any language that promotes violence, discrimination, or hatred. It is a neutral greeting and does not reference any individuals, groups, or protected attributes. Therefore, it does not violate Google's hate speech policy.

### 2. **Reddit Policy: Reddit Content Policy on Hate Speech and Abusive Behavior**
   - **Definition of Hate Speech:** Reddit prohibits content that includes attacks, slurs, or negative generalizations targeting groups based on identity or vulnerability (e.g., race, ethnicity, religion, gender, etc.).
   - **Analysis:** The message ""Hey"" does not include any attacks, slurs, or negative generalizations. It is a simple and non-offensive greeting that does not target any group or individual. As such, it does not violate Reddit's hate speech policy.

### 3. **Meta Policy: Meta Community Standards on Hate Speech**
   - **Definition of Hate Speech:** Meta defines hate speech as direct attacks against people based on protected characteristics such as race, ethnicity, national origin, disability, religion, sexual orientation, gender identity, etc.
   - **Analysis:** The message ""Hey"" does not contain any direct attacks or references to protected characteristics. It is neutral and does not express any harmful intent or discriminatory language. Therefore, it does not violate Meta's hate speech policy.

### Conclusion:
The classification of the message ""Hey"" as ""Neutral"" is consistent with the hate speech policies of Google, Reddit, and Meta. The message does not meet any of the criteria for hate/toxic/offensive content outlined in these policies. It is a benign greeting without any harmful or discriminatory implications.",Hey,2025-06-13T20:41:17.241870
You Fool,Offensive,Flag,"The classification of ""You Fool"" as offensive is based on the context in which such language can be ","The classification of ""You Fool"" as offensive is based on the context in which such language can be interpreted as disrespectful or demeaning, aligning with the principles outlined in many content moderation policies. Below is a detailed explanation of the reasoning, supported by relevant policy snippets:

1. **Insulting or Demeaning Language**:  
   Many content moderation policies explicitly prohibit language that is insulting, belittling, or intended to demean others. For example, under Meta's *Community Standards - Bullying and Harassment Policy*, it states:  
   > ""We remove content that targets individuals with harmful insults, particularly those related to their personal attributes.""  

   The phrase ""You Fool"" directly targets an individual and uses the term ""fool,"" which is commonly understood as an insult implying lack of intelligence or judgment. While the severity of the insult may vary depending on cultural or contextual factors, it is still inherently demeaning and could be perceived as an attack on the recipient's character or intellect.

2. **Toxicity and Hostile Interactions**:  
   Under Google's *Content Moderation Guidelines for Toxicity*, toxic language is defined as:  
   > ""Rude, disrespectful, or unreasonable comments that are likely to make someone leave a conversation.""  

   The phrase ""You Fool"" fits this definition because it introduces hostility into the interaction. Even if not overtly aggressive, it sets a tone of disrespect that could escalate conflict or discourage constructive dialogue.

3. **Contextual Considerations**:  
   While some policies, such as Twitter's *Hateful Conduct Policy*, emphasize the importance of context, the phrase ""You Fool"" lacks any neutral or positive connotations in most contexts. Without additional clarifying context to suggest humor or playful banter (e.g., among close friends), the default interpretation is that it is meant to insult or belittle.

4. **Enforcement of Respectful Communication**:  
   Many platforms aim to foster respectful communication. For instance, Discord's *Community Guidelines* state:  
   > ""Do not engage in or encourage harassment or hateful conduct.""  

   While ""You Fool"" may not rise to the level of hate speech, it does fall under the broader category of disrespectful communication, which is discouraged to maintain a positive and inclusive environment.

### Summary:  
The classification of ""You Fool"" as offensive is justified because it constitutes demeaning language that targets an individual, violating policies that promote respectful and non-toxic interactions. While the phrase may seem mild compared to more severe insults, its inherently disrespectful tone aligns with the criteria for offensive content outlined in multiple content moderation guidelines.",You Fool,2025-06-15T12:20:28.927641
